<?xml version="1.0" ?>
<LOG_ROOT>
	<PROJECT NAME="digitalsource">
		<CBX_INST_ENTRY INSTANCE_NAME="|digitalsource|AM_gen:top12|lpm_mult:Mult0" CBX_FILE_NAME="mult_4us.tdf"/>
		<CBX_INST_ENTRY INSTANCE_NAME="|digitalsource|PWM_gen:top8|lpm_divide:Mod0" CBX_FILE_NAME="lpm_divide_ltl.tdf"/>
		<CBX_INST_ENTRY INSTANCE_NAME="|digitalsource|FM_gen:top13|sine:sub2|altsyncram:altsyncram_component" CBX_FILE_NAME="altsyncram_ss21.tdf"/>
		<CBX_INST_ENTRY INSTANCE_NAME="|digitalsource|PWM_gen:top8|lpm_divide:Div0" CBX_FILE_NAME="lpm_divide_07m.tdf"/>
		<CBX_INST_ENTRY INSTANCE_NAME="|digitalsource|freq_key:top1|lpm_divide:Div0" CBX_FILE_NAME="lpm_divide_i8m.tdf"/>
		<CBX_INST_ENTRY INSTANCE_NAME="|digitalsource|sine:top4|altsyncram:altsyncram_component" CBX_FILE_NAME="altsyncram_ss21.tdf"/>
		<CBX_INST_ENTRY INSTANCE_NAME="|digitalsource|AM_gen:top12|sine:sub1|altsyncram:altsyncram_component" CBX_FILE_NAME="altsyncram_ss21.tdf"/>
		<CBX_INST_ENTRY INSTANCE_NAME="|digitalsource|modu_wave_gen:top11|sine:sub1|altsyncram:altsyncram_component" CBX_FILE_NAME="altsyncram_ss21.tdf"/>
		<CBX_INST_ENTRY INSTANCE_NAME="|digitalsource|pha_ctrl:top3|lpm_divide:Div0" CBX_FILE_NAME="lpm_divide_47m.tdf"/>
	</PROJECT>
</LOG_ROOT>
